id,target
c0f722661,-0.548441
f0953f0a5,-0.1438682
0df072751,-0.40295666
04caf4e0c,-2.14395
0e63f8bea,-1.8275638
12537fe78,-1.1097589
965e592c0,0.47290927
